/* 
 * To change this license header, choose License Headers in Project Properties.
 * To change this template file, choose Tools | Templates
 * and open the template in the editor.
 */
/**
 * Author:  Oscar
 * Created: 24/06/2019
 */

INSERT INTO PAIS (PK_PAIS, NOMBRE_PAIS) VALUES ('1', 'El Salvador');
INSERT INTO PAIS (PK_PAIS, NOMBRE_PAIS) VALUES ('2', 'Guatemala');
INSERT INTO PAIS (PK_PAIS, NOMBRE_PAIS) VALUES ('3', 'Honduras');

--ROLES--
INSERT INTO ROL (PK_ROL, NOMBRE_ROL) VALUES ('1', 'Candidato');
INSERT INTO ROL (PK_ROL, NOMBRE_ROL) VALUES ('2', 'Empresa');
INSERT INTO ROL (PK_ROL, NOMBRE_ROL) VALUES ('3', 'Administrador');

-- GENERO--
INSERT INTO CATALOGO_GENERO (PK_GENERO, NOMBRE_GENERO) VALUES ('1', 'Masculino');
INSERT INTO CATALOGO_GENERO (PK_GENERO, NOMBRE_GENERO) VALUES ('2', 'Femenino');

-- DEPARTAMENTO--
INSERT INTO DEPARTAMENTO (PK_DEPARTAMENTO, NOMBRE_DEPARTAMENTO, PK_PAIS) VALUES ('1', 'La Libertad', '1');

--MUNICIPIO--
INSERT INTO MUNICIPIO (PK_MUNICIPIO, NOMBRE_MUNICIPIO,PK_DEPARTAMENTO) VALUES ('1', 'Santa Tecla', '1');
--SECTOR--
INSERT INTO CATALOGO_SECTOR_EMPRESA (PK_SECTOR,NOMBRE_SECTOR) VALUES('1','Manofactura');
INSERT INTO CATALOGO_SECTOR_EMPRESA (PK_SECTOR,NOMBRE_SECTOR) VALUES('2','Industrial');

---TIPO DE EMPRESA---
INSERT INTO CATALOGO_TIPO_EMPRESA VALUES('1','Grande');
INSERT INTO CATALOGO_TIPO_EMPRESA VALUES('2','Mediana');

-- TIPO PRUEBA--
INSERT INTO CATALOGO_TIPO_PRUEBA VALUES('1','Psicologica');
INSERT INTO CATALOGO_TIPO_PRUEBA VALUES('2','Aptitud');
INSERT INTO CATALOGO_TIPO_PRUEBA VALUES('3','Ingles');
INSERT INTO CATALOGO_TIPO_PRUEBA VALUES('4','informatica');

-- GRADO ACADEMICO--
INSERT INTO CATALOGO_GRADO_ACADEMICO VALUES('1','Doctorado');
INSERT INTO CATALOGO_GRADO_ACADEMICO VALUES('2','Maestria');
INSERT INTO CATALOGO_GRADO_ACADEMICO VALUES('3','Universidad');
INSERT INTO CATALOGO_GRADO_ACADEMICO VALUES('4','Bachillerato');

-- CATALOGO TIPO REFERENCIA--
INSERT INTO CATALOGO_TIPO_REFERENCIA  VALUES('1','Personal');
INSERT INTO CATALOGO_TIPO_REFERENCIA  VALUES('2','Laboral');

--CATALOGO LICENCIA--
INSERT INTO CATALOGO_LICENCIA VALUES('1','Motocicleta');
INSERT INTO CATALOGO_LICENCIA VALUES('2','Particular');
INSERT INTO CATALOGO_LICENCIA VALUES('3','Liviana');




-- CANDIDATO--
INSERT INTO CANDIDATO (PK_CANDIDATO, NOMBRE_CANDIDATO, APELLIDO_CANDIDATO,CELULAR, DIRECCION, DUI,FECHA_NACIMIENTO,NACIONALIDAD, NIT,NUP, PASAPORTE,TELEFONO,TWITTER,FACEBOOK,PK_GENERO,PK_MUNICIPIO,FOTO_CANDIDATO) 
VALUES ('1', 'JUAN','LOPEZ','55555555','Santa tecla','12345678','13/06/19','Salvadoreña','1234567890','0987654321','0987654321','123456','','','1','1','');



--Empresa--
INSERT INTO EMPRESA (PK_EMPRESA,PK_SECTOR,PK_TIPO_EMPRESA,PK_MUNICIPIO,NOM_EMPRESA,CARGO_CONTACTO,DESCRIPCION_EMPRESA,DIRECCION_EMPRESA,LOGO_EMPRESA,NIT_EMPRESA,NOMBRE_CONTACTO_EMPRESA,NUMERO_TRABAJADORES,PAGINA_WEB,RAZON_SOCIAL,TELEFONO_CONTACTO)
VALUES ('1','1','1','1','POLLO CAMPERO','gerente mercadeo','EMPRESA DE COMIDA RAPIDA','CALLE LA MASCOTA 4-6 LOCAL T5','','1254789325463','JUAN HERNANDEZ','35','WWW.POLLOCAMPERO.COM','COORPORACION POLLO CAMPERO','22222222');


-- USER ADMINISTRADOR ---
INSERT INTO PERFIL(PK_USUARIO, CONTRASENA, CORREO_ELECTRONICO, TIPO_PERFIL,USUARIO,PK_CANDIDATO,PK_EMPRESA, PK_ROL,ESTADO)
VALUES(1,'21232f297a57a5a743894a0e4a801fc3','admin@gmail.com',3,'Admin','','',3,'Activo');
--CANDIDATO --
INSERT INTO PERFIL(PK_USUARIO, CONTRASENA, CORREO_ELECTRONICO, TIPO_PERFIL,USUARIO,PK_CANDIDATO,PK_EMPRESA, PK_ROL,ESTADO)
VALUES(2,'21232f297a57a5a743894a0e4a801fc3','JUANL@gmail.com',1,'JUANL','1','',1,'Activo');

--EMPRESA
INSERT INTO PERFIL(PK_USUARIO, CONTRASENA, CORREO_ELECTRONICO, TIPO_PERFIL,USUARIO,PK_CANDIDATO,PK_EMPRESA, PK_ROL,ESTADO)
VALUES(3,'21232f297a57a5a743894a0e4a801fc3','CAMPERO@gmail.com',2,'CAMPERO','','1',2,'Activo');






-- MENU --
INSERT INTO MENU (PK_MENU,MENU) VALUES (1,'Administracion');
INSERT INTO MENU (PK_MENU,MENU) VALUES (2,'Usuarios');
INSERT INTO MENU (PK_MENU,MENU) VALUES (3,'Perfil Candidato');
INSERT INTO MENU (PK_MENU,MENU) VALUES (4,'Perfil Empresa');


-- SUBMENU --

INSERT INTO SUBMENU (PK_SUBMENU,PK_MENU,SUBMENU,ORDEN,URL) VALUES(1,1,'Catalogo Rol',1,'/Rol/listar');
INSERT INTO SUBMENU (PK_SUBMENU,PK_MENU,SUBMENU,ORDEN,URL) VALUES(2,1,'Catalogo Menu',2,'/Menu/listar');
INSERT INTO SUBMENU (PK_SUBMENU,PK_MENU,SUBMENU,ORDEN,URL) VALUES(3,1,'Catalogo Submenu',3,'/submenu/listar');
INSERT INTO SUBMENU (PK_SUBMENU,PK_MENU,SUBMENU,ORDEN,URL) VALUES(4,1,'Catalogo Rol submenu',4,'/Rolsubmenu/listar');
INSERT INTO SUBMENU (PK_SUBMENU,PK_MENU,SUBMENU,ORDEN,URL) VALUES(5,1,'Catalogo Pais',5,'/Pais/listar');
INSERT INTO SUBMENU (PK_SUBMENU,PK_MENU,SUBMENU,ORDEN,URL) VALUES(6,1,'Catalogo Departamento',6,'/departamento/listar');
INSERT INTO SUBMENU (PK_SUBMENU,PK_MENU,SUBMENU,ORDEN,URL) VALUES(7,1,'Catalogo Municipio',7,'/municipio/listar');
INSERT INTO SUBMENU (PK_SUBMENU,PK_MENU,SUBMENU,ORDEN,URL) VALUES(8,1,'Catalogo Idiomas',8,'/CatalogoIdioma/listar');
INSERT INTO SUBMENU (PK_SUBMENU,PK_MENU,SUBMENU,ORDEN,URL) VALUES(9,1,'Catalogo Genero',9,'/catalogoGenero/listar');
INSERT INTO SUBMENU (PK_SUBMENU,PK_MENU,SUBMENU,ORDEN,URL) VALUES(10,1,'Catalogo Aptitudes',10,'/catalogoAptitud/listar');
INSERT INTO SUBMENU (PK_SUBMENU,PK_MENU,SUBMENU,ORDEN,URL) VALUES(11,1,'Catalogo Grado Academico',11,'/catalogoGradoAcademico/listar');
INSERT INTO SUBMENU (PK_SUBMENU,PK_MENU,SUBMENU,ORDEN,URL) VALUES(12,1,'Catalogo Categoria',12,'/Categoria/listar');
INSERT INTO SUBMENU (PK_SUBMENU,PK_MENU,SUBMENU,ORDEN,URL) VALUES(13,1,'Catalogo Puestos',13,'/CatalogoPuesto/listar');
INSERT INTO SUBMENU (PK_SUBMENU,PK_MENU,SUBMENU,ORDEN,URL) VALUES(14,1,'Catalogo Ponderaciones',14,'/CatalogoPonderacion/listar');
INSERT INTO SUBMENU (PK_SUBMENU,PK_MENU,SUBMENU,ORDEN,URL) VALUES(15,1,'Catalogo Categoria habilidad',15,'/catalogoCategoriaHabilidad/listar');
INSERT INTO SUBMENU (PK_SUBMENU,PK_MENU,SUBMENU,ORDEN,URL) VALUES(16,1,'Catalogo Habilidad',16,'/CatalogoHabilidad/listar');
INSERT INTO SUBMENU (PK_SUBMENU,PK_MENU,SUBMENU,ORDEN,URL) VALUES(17,1,'Catalogo Sector empresa',17,'/Sector/listar');
INSERT INTO SUBMENU (PK_SUBMENU,PK_MENU,SUBMENU,ORDEN,URL) VALUES(18,1,'Catalogo Tipo de empresa',18,'/TipoEmpresa/listar');
INSERT INTO SUBMENU (PK_SUBMENU,PK_MENU,SUBMENU,ORDEN,URL) VALUES(19,1,'Catalogo Tipo de licencia',19,'/catalogoLicencia/listar');
INSERT INTO SUBMENU (PK_SUBMENU,PK_MENU,SUBMENU,ORDEN,URL) VALUES(20,1,'Catalogo Tipo de referencia',20,'/catalogoTipoReferencia/listar');
INSERT INTO SUBMENU (PK_SUBMENU,PK_MENU,SUBMENU,ORDEN,URL) VALUES(21,1,'Catalogo Tipo de escritos',21,'/catalogoEscrito/listar');
INSERT INTO SUBMENU (PK_SUBMENU,PK_MENU,SUBMENU,ORDEN,URL) VALUES(22,1,'Catalogo Tipo de Prueba',22,'/catalogoTipoPrueba/listar');
INSERT INTO SUBMENU (PK_SUBMENU,PK_MENU,SUBMENU,ORDEN,URL) VALUES(23,2,'Usuarios',1,'/Perfil/listar');
INSERT INTO SUBMENU (PK_SUBMENU,PK_MENU,SUBMENU,ORDEN,URL) VALUES(24,2,'Candidatos',2,'/candidato/listar');
INSERT INTO SUBMENU (PK_SUBMENU,PK_MENU,SUBMENU,ORDEN,URL) VALUES(25,2,'Empresas',3,'/empresa/listar');


-- ROL SUBMENU --

INSERT INTO ROL_SUBMENU(ID_ROL_SUBMENU,PK_ROL,PK_SUBMENU) VALUES(1,3,1);
INSERT INTO ROL_SUBMENU(ID_ROL_SUBMENU,PK_ROL,PK_SUBMENU) VALUES(2,3,2);
INSERT INTO ROL_SUBMENU(ID_ROL_SUBMENU,PK_ROL,PK_SUBMENU) VALUES(3,3,3);
INSERT INTO ROL_SUBMENU(ID_ROL_SUBMENU,PK_ROL,PK_SUBMENU) VALUES(4,3,4);
INSERT INTO ROL_SUBMENU(ID_ROL_SUBMENU,PK_ROL,PK_SUBMENU) VALUES(5,3,5);
INSERT INTO ROL_SUBMENU(ID_ROL_SUBMENU,PK_ROL,PK_SUBMENU) VALUES(6,3,6);
INSERT INTO ROL_SUBMENU(ID_ROL_SUBMENU,PK_ROL,PK_SUBMENU) VALUES(7,3,7);
INSERT INTO ROL_SUBMENU(ID_ROL_SUBMENU,PK_ROL,PK_SUBMENU) VALUES(8,3,8);
INSERT INTO ROL_SUBMENU(ID_ROL_SUBMENU,PK_ROL,PK_SUBMENU) VALUES(9,3,9);
INSERT INTO ROL_SUBMENU(ID_ROL_SUBMENU,PK_ROL,PK_SUBMENU) VALUES(10,3,10);
INSERT INTO ROL_SUBMENU(ID_ROL_SUBMENU,PK_ROL,PK_SUBMENU) VALUES(11,3,11);
INSERT INTO ROL_SUBMENU(ID_ROL_SUBMENU,PK_ROL,PK_SUBMENU) VALUES(12,3,12);
INSERT INTO ROL_SUBMENU(ID_ROL_SUBMENU,PK_ROL,PK_SUBMENU) VALUES(13,3,13);
INSERT INTO ROL_SUBMENU(ID_ROL_SUBMENU,PK_ROL,PK_SUBMENU) VALUES(14,3,14);
INSERT INTO ROL_SUBMENU(ID_ROL_SUBMENU,PK_ROL,PK_SUBMENU) VALUES(15,3,15);
INSERT INTO ROL_SUBMENU(ID_ROL_SUBMENU,PK_ROL,PK_SUBMENU) VALUES(16,3,16);
INSERT INTO ROL_SUBMENU(ID_ROL_SUBMENU,PK_ROL,PK_SUBMENU) VALUES(17,3,17);
INSERT INTO ROL_SUBMENU(ID_ROL_SUBMENU,PK_ROL,PK_SUBMENU) VALUES(18,3,18);
INSERT INTO ROL_SUBMENU(ID_ROL_SUBMENU,PK_ROL,PK_SUBMENU) VALUES(19,3,19);
INSERT INTO ROL_SUBMENU(ID_ROL_SUBMENU,PK_ROL,PK_SUBMENU) VALUES(20,3,20);
INSERT INTO ROL_SUBMENU(ID_ROL_SUBMENU,PK_ROL,PK_SUBMENU) VALUES(21,3,21);
INSERT INTO ROL_SUBMENU(ID_ROL_SUBMENU,PK_ROL,PK_SUBMENU) VALUES(22,3,22);
INSERT INTO ROL_SUBMENU(ID_ROL_SUBMENU,PK_ROL,PK_SUBMENU) VALUES(23,3,23);
INSERT INTO ROL_SUBMENU(ID_ROL_SUBMENU,PK_ROL,PK_SUBMENU) VALUES(24,3,24);
INSERT INTO ROL_SUBMENU(ID_ROL_SUBMENU,PK_ROL,PK_SUBMENU) VALUES(25,3,25);

---------------- CATALOGOS---------------------------------------------

------ IDIOMA-------------
INSERT INTO CATALOGO_IDIOMA (PK_IDIOMA,NOMBRE_IDIOMA) VALUES(1,'Chino');
INSERT INTO CATALOGO_IDIOMA (PK_IDIOMA,NOMBRE_IDIOMA) VALUES(2,'Español');
INSERT INTO CATALOGO_IDIOMA (PK_IDIOMA,NOMBRE_IDIOMA) VALUES(3,'Ingles');
INSERT INTO CATALOGO_IDIOMA (PK_IDIOMA,NOMBRE_IDIOMA) VALUES(4,'Arabe');
INSERT INTO CATALOGO_IDIOMA (PK_IDIOMA,NOMBRE_IDIOMA) VALUES(5,'Portugues');
INSERT INTO CATALOGO_IDIOMA (PK_IDIOMA,NOMBRE_IDIOMA) VALUES(6,'Ruso');
INSERT INTO CATALOGO_IDIOMA (PK_IDIOMA,NOMBRE_IDIOMA) VALUES(7,'Japones');

----PONDERACION---------
INSERT INTO CATALOGO_PONDERACION (PK_CATALOGO_PONDERACION, DESCRIPCION_ETIQUETA,ETIQUETA_PONDERACION) VALUES(1,'Nivel bajo', 'Basico');
INSERT INTO CATALOGO_PONDERACION (PK_CATALOGO_PONDERACION, DESCRIPCION_ETIQUETA,ETIQUETA_PONDERACION) VALUES(2,'Nivel medio', 'Intermedio');
INSERT INTO CATALOGO_PONDERACION (PK_CATALOGO_PONDERACION, DESCRIPCION_ETIQUETA,ETIQUETA_PONDERACION) VALUES(3,'Nivel superior', 'Avanzado');

-- CATEGORIA HABILIDAD --------
INSERT INTO CATALOGO_CATEGORIA_HABILIDAD (PK_CATEGORIA_HABILIDAD,NOMBRE_CATEGORIA_HABILIDAD) VALUES(1,'Personales');
INSERT INTO CATALOGO_CATEGORIA_HABILIDAD (PK_CATEGORIA_HABILIDAD,NOMBRE_CATEGORIA_HABILIDAD) VALUES(2,'Software');
INSERT INTO CATALOGO_CATEGORIA_HABILIDAD (PK_CATEGORIA_HABILIDAD,NOMBRE_CATEGORIA_HABILIDAD) VALUES(3,'Hardware');
INSERT INTO CATALOGO_CATEGORIA_HABILIDAD (PK_CATEGORIA_HABILIDAD,NOMBRE_CATEGORIA_HABILIDAD) VALUES(4,'Informatica');
INSERT INTO CATALOGO_CATEGORIA_HABILIDAD (PK_CATEGORIA_HABILIDAD,NOMBRE_CATEGORIA_HABILIDAD) VALUES(5,'Telecomunicaciones');

--- HABILIDAD ---
INSERT INTO CATALOGO_HABILIDAD (PK_HABILIDAD,NOMBRE_HABILIDAD,PK_CATEGORIA_HABILIDAD) VALUES(1,'Innovación',1);
INSERT INTO CATALOGO_HABILIDAD (PK_HABILIDAD,NOMBRE_HABILIDAD,PK_CATEGORIA_HABILIDAD) VALUES(2,'ORACLE',4);
INSERT INTO CATALOGO_HABILIDAD (PK_HABILIDAD,NOMBRE_HABILIDAD,PK_CATEGORIA_HABILIDAD) VALUES(3,'JAVA',4);
INSERT INTO CATALOGO_HABILIDAD (PK_HABILIDAD,NOMBRE_HABILIDAD,PK_CATEGORIA_HABILIDAD) VALUES(4,'OFFICE',2);
INSERT INTO CATALOGO_HABILIDAD (PK_HABILIDAD,NOMBRE_HABILIDAD,PK_CATEGORIA_HABILIDAD) VALUES(5,'PHOTOSHOP',2);
INSERT INTO CATALOGO_HABILIDAD (PK_HABILIDAD,NOMBRE_HABILIDAD,PK_CATEGORIA_HABILIDAD) VALUES(6,'Redes',5);
INSERT INTO CATALOGO_HABILIDAD (PK_HABILIDAD,NOMBRE_HABILIDAD,PK_CATEGORIA_HABILIDAD) VALUES(7,'Configuracion IP',5);
INSERT INTO CATALOGO_HABILIDAD (PK_HABILIDAD,NOMBRE_HABILIDAD,PK_CATEGORIA_HABILIDAD) VALUES(8,'liderazgo',1);
INSERT INTO CATALOGO_HABILIDAD (PK_HABILIDAD,NOMBRE_HABILIDAD,PK_CATEGORIA_HABILIDAD) VALUES(9,'Mantenimiento de computadoras',3);


-- APTITUD --
INSERT INTO CATALOGO_APTITUD (PK_CATALOGO_APTITUD,NOMBRE_APTITUD) VALUES(1,'Proactividad');
INSERT INTO CATALOGO_APTITUD (PK_CATALOGO_APTITUD,NOMBRE_APTITUD) VALUES(2,'Trabajo en equipo');
INSERT INTO CATALOGO_APTITUD (PK_CATALOGO_APTITUD,NOMBRE_APTITUD) VALUES(3,'Disciplina');
INSERT INTO CATALOGO_APTITUD (PK_CATALOGO_APTITUD,NOMBRE_APTITUD) VALUES(4,'Adaptacion');
INSERT INTO CATALOGO_APTITUD (PK_CATALOGO_APTITUD,NOMBRE_APTITUD) VALUES(5,'Creatividad');

--- ESCRITO---
INSERT INTO CATALOGO_ESCRITO (PK_CATALOGO_ESCRITO,NOMBRE_TIPO_ESCRITO) VALUES(1,'Cientifico');
INSERT INTO CATALOGO_ESCRITO (PK_CATALOGO_ESCRITO,NOMBRE_TIPO_ESCRITO) VALUES(2,'Periodisctico');
INSERT INTO CATALOGO_ESCRITO (PK_CATALOGO_ESCRITO,NOMBRE_TIPO_ESCRITO) VALUES(3,'Didactico');
INSERT INTO CATALOGO_ESCRITO (PK_CATALOGO_ESCRITO,NOMBRE_TIPO_ESCRITO) VALUES(4,'Ensayo');